register_no,name,email
7376257MB101,Abimanyu C,abimanyuc.mb25@bitsathy.ac.in
7376257MB102,Abishek G,abishekg.mb25@bitsathy.ac.in
7376257MB104,Akilesh P,akileshp.mb25@bitsathy.ac.in
7376257MB105,Arunachalam S,arunachalams.mb25@bitsathy.ac.in
7376257MB106,Asvika M,asvikam.mb25@bitsathy.ac.in
7376257MB107,Aswinkumar K,aswinkumark.mb25@bitsathy.ac.in
7376257MB108,Deepikha K S,deepikhaks.mb25@bitsathy.ac.in
7376257MB109,Divyadevi R,divyadevir.mb25@bitsathy.ac.in
7376257MB110,Elamathi S,elamathis.mb25@bitsathy.ac.in
7376257MB111,Elan Thendral,elanthendrala.mb25@bitsathy.ac.in
7376257MB112,Govarthanan K,govarthanank.mb25@bitsathy.ac.in
7376257MB113,Harani V S,haranivs.mb25@bitsathy.ac.in
7376257MB114,Jaisudhan M V,jaisudhanmv.mb25@bitsathy.ac.in
7376257MB115,Jeevitha M,jeevitham.mb25@bitsathy.ac.in
7376257MB116,Joheesvara Kc,joheesvarakc.mb25@bitsathy.ac.in
7376257MB117,Kaviya S,kaviyas.mb25@bitsathy.ac.in
7376257MB118,Kaviya S D,kaviyasd.mb25@bitsathy.ac.in
7376257MB120,Kavya D,kavyad.mb25@bitsathy.ac.in
7376257MB121,Kiruthika K,kiruthikak.mb25@bitsathy.ac.in
7376257MB122,Lakshmi Shankar S,lakshmishankars.mb25@bitsathy.ac.in
7376257MB123,Madhumithra P,madhumithrap.mb25@bitsathy.ac.in
7376257MB125,Mahalakshmi T,mahalakshmit.mb25@bitsathy.ac.in
7376257MB126,Manoranjith N,manoranjithn.mb25@bitsathy.ac.in
7376257MB127,Mathan Nivas M,mathannivasm.mb25@bitsathy.ac.in
7376257MB128,Mathielavarasan S,mathielavarasans.mb25@bitsathy.ac.in
7376257MB129,Mouli R,moulir.mb25@bitsathy.ac.in
7376257MB130,Naresh V,nareshv.mb25@bitsathy.ac.in
7376257MB131,Nevathika R,nevathikar.mb25@bitsathy.ac.in
7376257MB132,Poorani K,kpoorani.mb25@bitsathy.ac.in
7376257MB133,Poorvisha Meenakshi K,poorvishameenakshik.mb25@bitsathy.ac.in
7376257MB134,Priyadharshini P,priyadharshinip.mb25@bitsathy.ac.in
7376257MB135,Priyanga C S,priyangacs.mb25@bitsathy.ac.in
7376257MB136,Priyanka J,priyankaj.mb25@bitsathy.ac.in
7376257MB137,Purnashri K R,purnashrikr.mb25@bitsathy.ac.in
7376257MB138,Reashma S,reashmas.mb25@bitsathy.ac.in
7376257MB139,Sakthi M,sakthim.mb25@bitsathy.ac.in
7376257MB119,Saranya Kr,saranyakr.mb25@bitsathy.ac.in
7376257MB141,Sparjan Steve Mathew,sparjanstevemathewm.mb25@bitsathy.ac.in
7376257MB142,Subashini R,subashinir.mb25@bitsathy.ac.in
7376257MB143,Sudeekshaa V,sudeekshaav.mb25@bitsathy.ac.in
7376257MB144,Suganesan S,suganesans.mb25@bitsathy.ac.in
7376257MB145,Vaishna Surya S,vaishnasuryas.mb25@bitsathy.ac.in
7376257MB146,Vikas V,vikasv.mb25@bitsathy.ac.in
7376257MB147,Yoshidha S,yoshidhas.mb25@bitsathy.ac.in
